Date,Open Price,High Price,Low Price,Close Price,Prev Close Price,Total Traded Quantity,Total Traded Value,52 Week High Price,52 Week Low Price,VWAP,Deliverable Volume,Deliverable Percent,Series
2023-01-02,932.25,945.0,931.8,941.6,933.75,3498198,3284124090.3,958.9,618.25,938.8,1624181,46.43,EQ
2023-01-03,944.75,965.6,942.6,962.3,941.6,6927819,6630632307.0,965.6,618.25,957.1,2468372,35.63,EQ
2023-01-04,963.5,970.0,955.0,957.45,962.3,9059392,8724557855.4,970.0,618.25,963.04,4227420,46.66,EQ
2023-01-05,960.0,961.9,938.25,949.55,957.45,6998980,6637695128.0,970.0,618.25,948.38,4031954,57.61,EQ
2023-01-06,946.55,950.95,934.3,939.9,949.55,5787783,5443336337.1,970.0,618.25,940.49,3538528,61.14,EQ
2023-01-09,946.8,960.0,941.35,958.75,939.9,7025747,6698047557.75,970.0,618.25,953.36,4571488,65.07,EQ
2023-01-10,964.0,964.0,942.75,952.15,958.75,7140150,6795083848.5,970.0,618.25,951.67,4138716,57.96,EQ
2023-01-11,953.0,955.75,942.8,949.75,952.15,7100355,6739016954.65,970.0,618.25,949.11,4389339,61.82,EQ
2023-01-12,949.35,949.7,924.0,935.55,949.75,8661375,8079129127.55,970.0,618.25,932.78,4721943,54.52,EQ
2023-01-13,935.5,937.45,923.0,934.15,935.55,9083608,8450531726.75,970.0,618.25,930.31,5876038,64.69,EQ
2023-01-16,940.45,941.75,911.7,913.15,934.15,10008273,9222415307.55,970.0,618.25,921.48,6672508,66.67,EQ
2023-01-17,914.95,919.7,906.7,917.7,913.15,6904960,6307663794.55,970.0,618.25,913.5,3883097,56.24,EQ
2023-01-18,921.9,925.6,913.25,924.0,917.7,5730939,5272505587.6,970.0,618.25,920.01,3384383,59.05,EQ
2023-01-19,923.6,938.0,920.75,928.7,924.0,7721730,7180977050.05,970.0,618.25,929.97,4188866,54.25,EQ
2023-01-20,931.25,934.85,924.65,930.55,928.7,4511360,4198347256.55,970.0,618.25,930.62,2221863,49.25,EQ
2023-01-23,936.0,939.7,924.45,932.7,930.55,5236124,4881241388.05,970.0,618.25,932.22,2830172,54.05,EQ
2023-01-24,935.0,935.0,903.75,910.2,932.7,18527897,16977623877.2,970.0,618.25,916.33,9565830,51.63,EQ
2023-01-25,905.0,907.45,884.2,892.35,910.2,11921748,10674665887.0,970.0,618.25,895.39,6305290,52.89,EQ
2023-01-27,892.35,892.5,851.0,873.75,892.35,17300736,15052649408.95,970.0,618.25,870.06,10611480,61.34,EQ
2023-01-30,851.9,885.5,846.15,871.85,873.75,21233998,18399695455.6,970.0,618.25,866.52,12623042,59.45,EQ
2023-01-31,873.0,879.3,861.1,871.6,871.85,16856151,14677535972.45,970.0,618.25,870.75,11093681,65.81,EQ
2023-02-01,876.3,895.2,833.3,857.25,871.6,12409819,10828226729.6,970.0,618.25,872.55,5949613,47.94,EQ
2023-02-02,850.95,872.0,837.05,868.45,857.25,9567053,8227471934.75,970.0,618.25,859.98,4985312,52.11,EQ
2023-02-03,873.0,885.0,859.25,882.6,868.45,7365732,6440885052.85,970.0,618.25,874.44,3503402,47.56,EQ
2023-02-06,871.85,899.15,870.6,882.65,882.6,10129098,8997261263.4,970.0,618.25,888.26,6102757,60.25,EQ
2023-02-07,886.85,888.4,871.5,879.1,882.65,5055187,4445421176.35,970.0,618.25,879.38,2763533,54.67,EQ
2023-02-08,882.1,886.45,868.25,871.75,879.1,6572818,5747379790.7,970.0,618.25,874.42,4138276,62.96,EQ
2023-02-09,876.15,876.15,862.55,867.7,871.75,5993312,5197418814.9,970.0,618.25,867.2,3423881,57.13,EQ
2023-02-10,872.05,872.7,865.15,867.25,867.7,4603464,3996712982.2,970.0,618.25,868.2,2694606,58.53,EQ
2023-02-13,867.25,870.45,856.5,859.1,867.25,5707194,4912330456.2,970.0,618.25,860.73,2818004,49.38,EQ
2023-02-14,862.55,871.9,854.25,870.75,859.1,7527755,6500442064.8,970.0,618.25,863.53,3949211,52.46,EQ
2023-02-15,872.0,872.2,861.6,868.3,870.75,7322266,6345957684.6,970.0,618.25,866.67,3588437,49.01,EQ
2023-02-16,872.8,874.3,862.25,864.75,868.3,5843235,5065582780.0,970.0,618.25,866.91,3377643,57.8,EQ
2023-02-17,861.0,868.25,850.0,854.9,864.75,8420479,7235410479.8,970.0,618.25,859.26,3748856,44.52,EQ
2023-02-20,859.7,861.2,842.5,846.75,854.9,5992322,5091794054.0,970.0,618.25,849.72,1682130,28.07,EQ
2023-02-21,849.0,849.0,837.4,844.05,846.75,9677064,8148130050.95,970.0,618.25,842.0,4223311,43.64,EQ
2023-02-22,840.0,843.0,829.55,833.35,844.05,6984037,5831051834.8,970.0,618.25,834.91,2421365,34.67,EQ
2023-02-23,833.05,848.25,830.2,844.35,833.35,8437003,7091214576.9,970.0,618.25,840.49,4381505,51.93,EQ
2023-02-24,850.1,854.6,844.45,851.4,844.35,7763814,6600708998.0,970.0,618.25,850.19,3960680,51.01,EQ
2023-02-27,851.85,858.45,845.95,854.35,851.4,8064267,6879609625.3,970.0,618.25,853.1,2211005,27.42,EQ
2023-02-28,855.95,857.6,840.0,844.1,854.35,13012372,11037512530.45,970.0,618.25,848.23,5593773,42.99,EQ
2023-03-01,846.05,868.75,845.05,865.15,844.1,12345125,10648021369.5,970.0,618.25,862.53,5679946,46.01,EQ
2023-03-02,866.0,866.8,843.5,845.45,865.15,13900508,11823101800.75,970.0,618.25,850.55,6477524,46.6,EQ
2023-03-03,849.75,858.6,845.6,852.65,845.45,7977804,6808634804.8,970.0,618.25,853.45,2945144,36.92,EQ
2023-03-06,856.95,863.75,855.6,859.5,852.65,10781567,9268483932.75,970.0,618.25,859.66,3917134,36.33,EQ
2023-03-08,858.5,862.5,853.05,860.95,859.5,8785735,7534646787.65,970.0,618.25,857.6,2892386,32.92,EQ
2023-03-09,862.5,874.25,862.0,867.8,860.95,14746065,12833909979.65,970.0,618.25,870.33,6166453,41.82,EQ
2023-03-10,859.6,861.6,845.5,851.9,867.8,11198583,9551257752.9,970.0,618.25,852.9,6510640,58.14,EQ
2023-03-13,845.6,857.0,828.45,832.35,851.9,8315798,6985399708.85,970.0,618.25,840.02,3378255,40.62,EQ
2023-03-14,828.0,835.7,817.4,832.85,832.35,12573734,10394550260.65,970.0,618.25,826.69,5694008,45.28,EQ
2023-03-15,838.05,843.5,819.35,824.05,832.85,6652641,5511867830.65,970.0,618.25,828.52,3177104,47.76,EQ
2023-03-16,821.5,837.9,814.3,830.55,824.05,8791383,7263122832.85,970.0,618.25,826.16,3769060,42.87,EQ
2023-03-17,835.0,841.5,823.0,837.4,830.55,7762461,6458078587.6,970.0,618.25,831.96,4113281,52.99,EQ
2023-03-20,836.0,841.0,825.55,837.55,837.4,10744023,8938134767.25,970.0,618.25,831.92,3358548,31.26,EQ
2023-03-21,840.1,857.35,838.75,855.6,837.55,11489951,9748030141.05,970.0,618.25,848.4,4354340,37.9,EQ
2023-03-22,855.6,859.8,847.05,849.65,855.6,8018924,6837608644.85,970.0,618.25,852.68,4929795,61.48,EQ
2023-03-23,847.0,861.15,845.1,848.8,849.65,9857892,8423939611.75,970.0,618.25,854.54,4362926,44.26,EQ
2023-03-24,846.25,852.5,837.25,839.9,848.8,8078718,6830275637.9,970.0,618.25,845.47,3298405,40.83,EQ
2023-03-27,841.05,842.2,829.2,833.35,839.9,10602508,8856424106.65,970.0,618.25,835.31,4360175,41.12,EQ
2023-03-28,837.4,837.4,826.05,832.45,833.35,11002402,9143530130.6,970.0,618.25,831.05,2740703,24.91,EQ
2023-03-29,832.5,848.45,830.0,842.6,832.45,17121194,14314246634.65,970.0,618.25,836.05,4802221,28.05,EQ
2023-03-31,854.9,860.9,847.5,858.5,842.6,12946752,11054759333.6,970.0,618.25,853.86,4740119,36.61,EQ
2023-04-03,864.0,866.8,856.45,864.6,858.5,13266882,11436720768.45,970.0,618.25,862.05,2401383,18.1,EQ
2023-04-05,871.0,871.0,857.0,860.5,864.6,11890015,10232953006.7,970.0,618.25,860.63,5380683,45.25,EQ
2023-04-06,861.8,863.25,849.0,851.95,860.5,19677316,16808722254.05,970.0,618.25,854.22,4276535,21.73,EQ
2023-04-10,854.8,854.95,843.95,847.35,851.95,15656078,13280268139.0,970.0,618.25,848.25,2750275,17.57,EQ
2023-04-11,848.25,855.7,844.05,853.3,847.35,23930907,20333891050.0,970.0,618.25,849.69,4567878,19.09,EQ
2023-04-12,854.9,856.65,846.65,851.05,853.3,13480335,11462240653.5,970.0,618.25,850.29,1988864,14.75,EQ
2023-04-13,853.65,867.7,845.0,864.35,851.05,23934570,20450123140.3,970.0,618.25,854.42,2808757,11.74,EQ
2023-04-17,882.0,882.0,861.0,864.55,864.35,22577380,19575735178.1,970.0,618.25,867.05,3865652,17.12,EQ
2023-04-18,865.35,872.0,857.1,863.35,864.55,17238709,14920705065.35,970.0,618.25,865.53,3161772,18.34,EQ
2023-04-19,865.0,874.5,862.55,873.4,863.35,23494247,20424019478.25,970.0,618.25,869.32,5932070,25.25,EQ
2023-04-20,874.8,875.6,864.15,868.75,873.4,19444753,16891415680.1,970.0,618.25,868.69,1523193,7.83,EQ
2023-04-21,870.8,873.85,857.5,864.2,868.75,15520786,13454767337.1,970.0,618.25,866.89,1630103,10.5,EQ
2023-04-24,868.0,884.4,860.5,882.3,864.2,18201632,15902435367.85,970.0,618.25,873.68,6353757,34.91,EQ
2023-04-25,885.0,895.8,874.4,878.35,882.3,36394389,32289273339.6,970.0,618.25,887.2,12015907,33.02,EQ
2023-04-26,877.4,889.45,875.2,887.65,878.35,19468723,17177083781.2,970.0,618.25,882.29,5188557,26.65,EQ
2023-04-27,888.0,890.0,877.5,881.4,887.65,15992383,14111354670.75,970.0,618.25,882.38,4424832,27.67,EQ
2023-04-28,885.1,890.05,853.65,860.0,881.4,23004117,19805082924.8,970.0,618.25,860.94,10524858,45.75,EQ
2023-05-02,870.0,876.4,864.25,870.65,860.0,12947953,11286116515.35,970.0,618.25,871.65,6132441,47.36,EQ
2023-05-03,863.85,866.85,854.05,859.85,870.65,15103015,12977445017.4,970.0,618.25,859.26,7825838,51.82,EQ
2023-05-04,860.0,867.15,857.5,865.95,859.85,9756391,8406700680.1,970.0,618.25,861.66,3898598,39.96,EQ
2023-05-05,867.15,885.0,862.75,865.3,865.95,14343308,12538877195.7,970.0,618.25,874.2,5555246,38.73,EQ
2023-05-08,865.3,881.4,865.3,878.45,865.3,7007882,6151112520.7,970.0,618.25,877.74,2846654,40.62,EQ
2023-05-09,882.2,890.2,880.0,888.25,878.45,12117151,10745483967.45,970.0,618.25,886.8,5753707,47.48,EQ
2023-05-10,892.0,892.5,877.55,889.9,888.25,11893027,10553051459.1,970.0,618.25,887.33,4748961,39.93,EQ
2023-05-11,891.0,900.0,889.0,895.95,889.9,13816121,12368619503.95,970.0,618.25,895.23,4677109,33.85,EQ
2023-05-12,895.2,913.6,894.0,910.65,895.95,10533272,9536670795.0,970.0,618.25,905.39,4444426,42.19,EQ
2023-05-15,910.65,919.5,909.15,915.8,910.65,7339579,6723179195.5,970.0,618.25,916.02,2813470,38.33,EQ
2023-05-16,916.2,922.5,912.0,917.8,915.8,12567615,11542124160.15,970.0,618.25,918.4,4371934,34.79,EQ
2023-05-17,917.7,918.9,911.25,914.8,917.8,10248327,9384850303.7,970.0,618.25,915.74,3184669,31.08,EQ
2023-05-18,920.0,929.5,912.6,914.7,914.8,13614127,12552328653.7,970.0,618.25,922.01,4984197,36.61,EQ
2023-05-19,920.9,927.0,908.95,924.05,914.7,8393002,7695879382.05,970.0,618.25,916.94,2631073,31.35,EQ
2023-05-22,923.0,927.75,914.4,917.55,924.05,9383158,8624941377.95,970.0,618.25,919.19,3495424,37.25,EQ
2023-05-23,917.55,922.5,912.4,916.15,917.55,8273445,7596397802.65,970.0,618.25,918.17,2703644,32.68,EQ
2023-05-24,911.15,920.85,910.2,917.7,916.15,6248545,5722097401.05,970.0,618.25,915.75,1770878,28.34,EQ
2023-05-25,916.7,923.55,912.45,921.05,917.7,8149350,7472119111.25,970.0,618.25,916.9,3100831,38.05,EQ
2023-05-26,918.0,927.9,915.0,926.95,921.05,4908462,4528020852.45,970.0,618.25,922.49,1565290,31.89,EQ
2023-05-29,931.0,937.7,928.05,929.8,926.95,7133871,6657825588.4,970.0,618.25,933.27,2414101,33.84,EQ
2023-05-30,930.8,939.7,928.05,937.45,929.8,7804403,7282994937.6,970.0,618.25,933.19,3179529,40.74,EQ
2023-05-31,937.35,939.9,910.2,914.85,937.45,34757004,31866286587.55,970.0,618.25,916.83,25329630,72.88,EQ
2023-06-01,922.0,930.95,916.05,919.7,914.85,11817533,10918348216.7,970.0,618.25,923.91,4366409,36.95,EQ
2023-06-02,922.65,930.5,920.25,926.1,919.7,11616991,10748318700.85,970.0,618.25,925.22,6926362,59.62,EQ
2023-06-05,927.6,953.9,927.6,950.85,926.1,14520005,13760127782.3,970.0,618.25,947.67,7724459,53.2,EQ
2023-06-06,951.1,970.75,951.1,968.2,950.85,14457988,13927667088.75,970.75,618.25,963.32,8863567,61.31,EQ
2023-06-07,972.95,981.25,968.1,976.75,968.2,15795824,15427253807.75,981.25,618.25,976.67,10182461,64.46,EQ
2023-06-08,973.05,974.85,959.9,962.1,976.75,10209982,9871364694.45,981.25,618.25,966.83,3450288,33.79,EQ
2023-06-09,967.0,981.7,963.3,974.75,962.1,12947464,12623639248.95,981.7,618.25,974.99,8096616,62.53,EQ
2023-06-12,973.0,977.9,968.6,974.2,974.75,7465375,7275268091.35,981.7,618.25,974.53,4703807,63.01,EQ
2023-06-13,974.3,989.7,974.3,985.85,974.2,15233785,15015135976.55,989.7,618.25,985.65,10523707,69.08,EQ
2023-06-14,986.0,988.2,976.0,977.7,985.85,8644423,8477633173.15,989.7,618.25,980.71,4897363,56.65,EQ
2023-06-15,988.35,989.0,972.2,977.15,977.7,15978311,15609586954.25,989.7,618.25,976.92,8048461,50.37,EQ
2023-06-16,982.8,985.45,977.2,981.55,977.15,8860900,8692481894.5,989.7,618.25,980.99,5481600,61.86,EQ
2023-06-19,983.85,986.0,961.0,965.65,981.55,11025846,10701929039.25,989.7,618.25,970.62,5116598,46.41,EQ
2023-06-20,965.95,977.0,958.55,974.85,965.65,7596593,7352863737.85,989.7,618.25,967.92,2716345,35.76,EQ
2023-06-21,978.3,978.3,963.15,966.0,974.85,7805855,7553522616.65,989.7,618.25,967.67,4437604,56.85,EQ
2023-06-22,962.2,973.45,958.7,966.6,966.0,10135883,9797672460.1,989.7,618.25,966.63,3401505,33.56,EQ
2023-06-23,960.0,965.5,954.55,958.4,966.6,6188008,5934960356.5,989.7,618.25,959.11,3397260,54.9,EQ
2023-06-26,959.5,963.5,953.1,960.55,958.4,5799528,5558266508.3,989.7,623.5,958.4,3201026,55.19,EQ
2023-06-27,967.0,976.0,960.8,973.25,960.55,6921886,6707737449.0,989.7,623.5,969.06,3487339,50.38,EQ
2023-06-28,979.0,984.0,967.0,978.2,973.25,10010996,9778470650.35,989.7,623.5,976.77,3758077,37.54,EQ
2023-06-30,977.1,989.85,976.0,987.45,978.2,7096350,6978145371.35,989.85,623.5,983.34,4497212,63.37,EQ
2023-07-03,990.0,990.0,978.0,982.1,987.45,5562743,5467950581.95,990.0,640.5,982.96,2194071,39.44,EQ
2023-07-04,982.1,984.85,969.0,970.7,982.1,7396806,7217289620.55,990.0,640.5,975.73,1950320,26.37,EQ
2023-07-05,969.0,975.5,962.1,966.5,970.7,8200047,7939228535.05,990.0,640.5,968.19,2766380,33.74,EQ
2023-07-06,961.0,986.1,961.0,980.95,966.5,10221727,9945020643.8,990.0,640.5,972.93,4264890,41.72,EQ
2023-07-07,976.25,989.45,971.8,976.7,980.95,6236524,6113283495.65,990.0,640.5,980.24,3301888,52.94,EQ
2023-07-10,976.7,986.0,960.4,964.05,976.7,7138850,6940758355.25,990.0,659.1,972.25,3040338,42.59,EQ
2023-07-11,967.9,971.75,950.6,953.2,964.05,10616390,10191977300.8,990.0,659.1,960.02,4820845,45.41,EQ
2023-07-12,956.7,957.55,947.0,950.0,953.2,10141257,9643095655.75,990.0,659.1,950.88,5387558,53.13,EQ
2023-07-13,956.3,966.0,952.15,960.15,950.0,13079930,12562427927.05,990.0,659.1,960.44,4663263,35.65,EQ
2023-07-14,964.45,967.0,947.75,957.05,960.15,5383514,5140256649.95,990.0,659.1,954.81,2740909,50.91,EQ
2023-07-17,960.0,968.9,950.45,964.85,957.05,8472444,8117042419.5,990.0,663.45,958.05,2937561,34.67,EQ
2023-07-18,964.0,979.95,951.3,963.65,964.85,14457717,14002590450.95,990.0,663.45,968.52,3117582,21.56,EQ
2023-07-19,964.0,969.9,956.5,964.3,963.65,7574544,7310770181.0,990.0,663.45,965.18,2008471,26.52,EQ
2023-07-20,963.9,979.9,957.6,977.9,964.3,15329753,14806296049.75,990.0,663.45,965.85,5740359,37.45,EQ
2023-07-21,971.6,985.0,968.0,971.3,977.9,6230317,6074516066.65,990.0,663.45,974.99,1987483,31.9,EQ
2023-07-24,973.45,984.95,968.8,971.5,971.3,9167788,8932282882.45,990.0,702.05,974.31,4149929,45.27,EQ
2023-07-25,977.65,977.65,953.8,962.5,971.5,13448045,12928098519.05,990.0,702.05,961.34,4712682,35.04,EQ
2023-07-26,966.85,980.0,963.3,976.8,962.5,8298226,8051578393.9,990.0,702.05,970.28,3926028,47.31,EQ
2023-07-27,989.35,990.0,955.75,959.9,976.8,17858061,17289862523.5,990.0,702.05,968.18,8050100,45.08,EQ
2023-07-28,959.9,969.75,942.2,949.95,959.9,8504392,8076241538.4,990.0,702.05,949.66,4510245,53.03,EQ
2023-07-31,954.7,958.6,948.3,953.9,949.95,6601991,6295447675.95,990.0,707.7,953.57,3471703,52.59,EQ
2023-08-01,956.0,964.0,952.0,959.9,953.9,8409096,8041811382.0,990.0,707.7,956.32,2853246,33.93,EQ
2023-08-02,951.5,958.9,936.6,945.25,959.9,9324465,8810026038.3,990.0,707.7,944.83,3507617,37.62,EQ
2023-08-03,944.1,946.6,927.15,935.55,945.25,17076611,15980785127.4,990.0,707.7,935.83,5996097,35.11,EQ
2023-08-04,947.0,954.85,934.65,952.25,935.55,12376086,11712264563.3,990.0,707.7,946.36,3762554,30.4,EQ
2023-08-07,952.25,955.0,944.55,947.4,952.25,10922609,10362153717.45,990.0,707.7,948.69,3996335,36.59,EQ
2023-08-08,950.0,959.9,944.05,952.9,947.4,11512735,10965743490.8,990.0,707.7,952.49,3743613,32.52,EQ
2023-08-09,952.0,953.3,944.3,950.0,952.9,7701831,7302697896.9,990.0,707.7,948.18,3969731,51.54,EQ
2023-08-10,948.0,951.95,937.3,939.75,950.0,13590891,12824749603.85,990.0,707.7,943.63,4232713,31.14,EQ
2023-08-11,937.5,945.7,933.0,937.2,939.75,9558237,8966442119.1,990.0,707.7,938.09,4886527,51.12,EQ
2023-08-14,935.0,943.3,928.9,939.95,937.2,7172522,6719257570.85,990.0,707.7,936.81,2067828,28.83,EQ
2023-08-16,935.95,940.0,931.3,933.05,939.95,7394623,6914042214.55,990.0,707.7,935.01,4016875,54.32,EQ
2023-08-17,935.95,943.0,931.65,936.55,933.05,9336994,8762292583.5,990.0,707.7,938.45,2917424,31.25,EQ
2023-08-18,934.85,945.95,931.05,943.05,936.55,6648744,6263599325.1,990.0,707.7,942.07,2507704,37.72,EQ
2023-08-21,944.2,954.25,943.95,952.6,943.05,6822155,6483809700.9,990.0,707.7,950.4,3281642,48.1,EQ
2023-08-22,953.85,959.1,948.65,957.05,952.6,10860061,10385012797.4,990.0,707.7,956.26,5870908,54.06,EQ
2023-08-23,962.0,980.45,958.4,979.25,957.05,12677151,12326647757.6,990.0,707.7,972.35,7503959,59.19,EQ
2023-08-24,984.8,994.25,979.1,981.35,979.25,11899556,11733274955.35,994.25,707.7,986.03,3546340,29.8,EQ
2023-08-25,974.0,988.2,970.8,983.1,981.35,6228241,6106875145.0,994.25,707.7,980.51,2321061,37.27,EQ
2023-08-28,980.1,992.5,980.1,990.2,983.1,8451441,8347376518.7,994.25,707.7,987.69,4543438,53.76,EQ
2023-08-29,990.2,991.0,977.5,980.7,990.2,8114141,7965598160.5,994.25,707.7,981.69,3245069,39.99,EQ
2023-08-30,983.0,998.0,980.0,983.35,980.7,9023083,8953825024.45,998.0,707.7,992.32,3724094,41.27,EQ
2023-08-31,981.8,994.7,968.6,973.5,983.35,21558300,21083583404.95,998.0,707.7,977.98,9837527,45.63,EQ
2023-09-01,974.25,993.0,969.0,991.15,973.5,10946742,10744950739.35,998.0,707.7,981.57,5343359,48.81,EQ
2023-09-04,993.75,994.55,980.0,982.25,991.15,6727188,6623664482.1,998.0,707.7,984.61,3373383,50.15,EQ
2023-09-05,985.45,986.2,977.9,981.45,982.25,10548660,10355958837.9,998.0,707.7,981.73,4021601,38.12,EQ
2023-09-06,981.45,983.15,961.8,965.05,981.45,16351052,15863375525.75,998.0,707.7,970.17,6383351,39.04,EQ
2023-09-07,965.05,979.8,963.1,978.2,965.05,8686550,8428167238.55,998.0,707.7,970.25,3832587,44.12,EQ
2023-09-08,978.2,987.3,972.5,980.3,978.2,6439351,6304615744.35,998.0,707.7,979.08,2386322,37.06,EQ
2023-09-11,981.8,1004.0,979.0,1000.4,980.3,7130484,7083103947.7,1004.0,707.7,993.36,4419629,61.98,EQ
2023-09-12,1010.0,1010.0,998.05,1000.9,1000.4,8958327,8987935681.45,1010.0,707.7,1003.31,3548131,39.61,EQ
2023-09-13,1002.95,1017.0,993.7,1014.45,1000.9,12254423,12369701006.75,1017.0,707.7,1009.41,4318565,35.24,EQ
2023-09-14,1014.45,1022.4,1009.05,1020.9,1014.45,7855558,7995136644.4,1022.4,707.7,1017.77,4087379,52.03,EQ
2023-09-15,1021.0,1031.75,1014.55,1027.15,1020.9,8986157,9210514298.3,1031.75,707.7,1024.97,5713908,63.59,EQ
2023-09-18,1021.55,1029.9,1019.0,1024.75,1027.15,6397319,6563081439.8,1031.75,707.7,1025.91,2765479,43.23,EQ
2023-09-20,1012.3,1047.5,1012.3,1027.3,1024.75,13619788,14065244955.6,1047.5,707.7,1032.71,5182532,38.05,EQ
2023-09-21,1026.6,1033.6,1012.1,1014.45,1027.3,8156588,8326084260.8,1047.5,707.7,1020.78,3270911,40.1,EQ
2023-09-22,1010.0,1027.25,1008.0,1018.25,1014.45,7108110,7256768050.45,1047.5,707.7,1020.91,3845289,54.1,EQ
2023-09-25,1015.2,1026.0,1005.15,1018.95,1018.25,7123890,7236337809.65,1047.5,707.7,1015.78,4179198,58.66,EQ
2023-09-26,1019.0,1020.7,1011.0,1014.15,1018.95,6387615,6479529299.6,1047.5,707.7,1014.39,3480391,54.49,EQ
2023-09-27,1009.95,1027.95,1004.0,1025.2,1014.15,5158686,5242258067.55,1047.5,707.7,1016.2,2783174,53.95,EQ
2023-09-28,1027.0,1037.95,1025.2,1030.9,1025.2,15818489,16306235118.2,1047.5,707.7,1030.83,8368305,52.9,EQ
2023-09-29,1030.9,1041.0,1024.5,1036.7,1030.9,9528626,9858042195.5,1047.5,707.7,1034.57,5831379,61.2,EQ
2023-10-03,1035.0,1044.7,1032.6,1041.05,1036.7,11589322,12048786340.35,1047.5,721.05,1039.65,6651819,57.4,EQ
2023-10-04,1035.35,1037.0,988.85,995.55,1041.05,22584212,22841323284.1,1047.5,721.05,1011.38,10882363,48.19,EQ
2023-10-05,1000.0,1009.2,988.9,1003.25,995.55,7950412,7955454133.35,1047.5,721.05,1000.63,3577222,44.99,EQ
2023-10-06,1005.0,1008.0,999.4,1000.95,1003.25,5289753,5306521872.55,1047.5,721.05,1003.17,2958493,55.93,EQ
2023-10-09,994.8,999.7,988.25,996.25,1000.95,6823214,6786039020.8,1047.5,745.0,994.55,4682843,68.63,EQ
2023-10-10,999.9,1014.95,996.5,1012.25,996.25,5728499,5775972985.9,1047.5,745.0,1008.29,2574239,44.94,EQ
2023-10-11,1019.0,1025.65,1012.0,1019.1,1012.25,7396783,7530186917.05,1047.5,745.0,1018.04,3079152,41.63,EQ
2023-10-12,1022.0,1031.0,1014.95,1018.45,1019.1,4920222,5033347282.55,1047.5,745.0,1022.99,2422973,49.25,EQ
2023-10-13,1009.0,1011.45,992.25,994.05,1018.45,12173162,12152569388.55,1047.5,745.0,998.31,7833529,64.35,EQ
2023-10-16,990.0,1009.45,990.0,1004.8,994.05,4646960,4663180997.3,1047.5,797.1,1003.49,2776436,59.75,EQ
2023-10-17,1008.85,1014.7,1003.1,1008.05,1004.8,6105067,6159118108.15,1047.5,797.1,1008.85,2826576,46.3,EQ
2023-10-18,1010.0,1014.1,989.35,992.85,1008.05,7818946,7796754978.65,1047.5,797.1,997.16,4793942,61.31,EQ
2023-10-19,979.7,999.0,979.7,991.4,992.85,4836625,4793547168.05,1047.5,797.1,991.09,1906688,39.42,EQ
2023-10-20,989.0,992.9,977.75,980.35,991.4,5664400,5569086834.1,1047.5,797.1,983.17,3593676,63.44,EQ
2023-10-23,980.0,984.9,961.1,964.3,980.35,5896695,5740766147.25,1047.5,814.3,973.56,3468989,58.83,EQ
2023-10-25,960.0,974.0,951.4,955.45,964.3,6957048,6691805765.4,1047.5,814.3,961.87,4345360,62.46,EQ
2023-10-26,956.0,975.0,952.75,972.05,955.45,17540495,16968091091.25,1047.5,814.3,967.37,8641291,49.26,EQ
2023-10-27,980.0,1004.75,973.3,1002.75,972.05,13443016,13292905893.75,1047.5,814.3,988.83,9104133,67.72,EQ
2023-10-30,1002.75,1002.75,979.2,989.2,1002.75,5270567,5206505053.35,1047.5,814.3,987.85,2369388,44.96,EQ
2023-10-31,998.0,998.0,978.0,981.85,989.2,7816805,7695370543.3,1047.5,814.3,984.46,4078362,52.17,EQ
2023-11-01,977.85,979.3,968.0,971.8,981.85,5703984,5552686766.8,1047.5,814.3,973.48,2317068,40.62,EQ
2023-11-02,978.0,988.35,974.0,982.95,971.8,5193982,5099706109.85,1047.5,814.3,981.85,1516062,29.19,EQ
2023-11-03,986.0,991.4,981.5,988.85,982.95,4268048,4213912165.8,1047.5,814.3,987.32,2774822,65.01,EQ
2023-11-06,995.0,1016.2,993.1,1009.4,988.85,6552178,6609674739.85,1047.5,814.3,1008.78,3817674,58.27,EQ
2023-11-07,1008.0,1022.2,1005.25,1020.9,1009.4,6559859,6642630808.2,1047.5,814.3,1012.62,2175871,33.17,EQ
2023-11-08,1024.0,1026.95,1015.6,1021.7,1020.9,7643314,7800610010.25,1047.5,814.3,1020.58,2850613,37.3,EQ
2023-11-09,1024.75,1028.85,1016.65,1021.9,1021.7,4407935,4508279534.6,1047.5,814.3,1022.76,1648342,37.39,EQ
2023-11-10,1017.9,1031.0,1016.65,1029.2,1021.9,3294063,3374359818.35,1047.5,814.3,1024.38,1427298,43.33,EQ
2023-11-12,1033.9,1033.9,1026.25,1029.95,1029.2,461834,475682172.4,1047.5,814.3,1029.99,111058,24.05,EQ
2023-11-13,1030.05,1031.85,1023.5,1025.35,1029.95,5985481,6149242004.05,1047.5,814.3,1027.36,3423686,57.2,EQ
2023-11-15,1045.0,1045.0,1031.55,1041.35,1025.35,7240388,7517665811.35,1047.5,814.3,1038.3,3595693,49.66,EQ
2023-11-16,1042.8,1044.0,1022.15,1026.35,1041.35,6908825,7145941936.85,1047.5,814.3,1034.32,4325710,62.61,EQ
2023-11-17,1014.9,1020.0,991.85,994.35,1026.35,13268353,13262293055.55,1047.5,814.3,999.54,8859658,66.77,EQ
2023-11-20,981.0,994.75,980.35,988.7,994.35,8215656,8117197106.55,1047.5,814.3,988.02,5474495,66.63,EQ
2023-11-21,989.95,997.5,986.65,991.8,988.7,7061614,7005384921.9,1047.5,814.3,992.04,3970950,56.23,EQ
2023-11-22,991.0,999.9,988.0,998.1,991.8,6103988,6068667929.0,1047.5,814.3,994.21,2689784,44.07,EQ
2023-11-23,999.0,1003.4,995.4,999.05,998.1,3112891,3112231228.85,1047.5,814.3,999.79,1496206,48.06,EQ
2023-11-24,1002.0,1010.75,999.7,1008.5,999.05,6956281,7003545304.55,1047.5,814.3,1006.79,4713689,67.76,EQ
2023-11-28,1013.05,1021.95,1009.25,1021.15,1008.5,6173384,6279206315.75,1047.5,814.3,1017.14,3990040,64.63,EQ
2023-11-29,1027.15,1063.5,1021.15,1060.15,1021.15,9422396,9837964232.9,1063.5,814.3,1044.1,6110381,64.85,EQ
2023-11-30,1062.7,1080.9,1055.45,1074.25,1060.15,24755589,26496968754.5,1080.9,814.3,1070.34,16470245,66.53,EQ
2023-12-01,1075.4,1109.0,1070.2,1104.65,1074.25,14428758,15837127265.3,1109.0,814.3,1097.61,9853842,68.29,EQ
2023-12-04,1120.5,1129.0,1099.1,1125.6,1104.65,14043213,15661591637.55,1129.0,814.3,1115.24,8201008,58.4,EQ
2023-12-05,1136.8,1151.85,1127.15,1132.45,1125.6,15804808,17987409745.6,1151.85,814.3,1138.1,7003984,44.32,EQ
2023-12-06,1135.1,1145.7,1117.95,1120.5,1132.45,7342767,8280619747.55,1151.85,814.3,1127.72,2722200,37.07,EQ
2023-12-07,1119.25,1129.6,1108.5,1117.85,1120.5,6439419,7205263307.4,1151.85,814.3,1118.93,3737119,58.04,EQ
2023-12-08,1115.85,1134.35,1111.5,1131.2,1117.85,7300989,8185352019.6,1151.85,814.3,1121.13,4211807,57.69,EQ
2023-12-11,1129.0,1139.4,1113.85,1116.5,1131.2,6924589,7765283070.7,1151.85,814.3,1121.41,4334508,62.6,EQ
2023-12-12,1120.0,1133.9,1109.0,1131.0,1116.5,9044111,10162800910.35,1151.85,814.3,1123.69,4914329,54.34,EQ
2023-12-13,1150.0,1151.0,1111.45,1114.85,1131.0,8184523,9167667504.25,1151.85,814.3,1120.12,2896311,35.39,EQ
2023-12-14,1132.4,1138.6,1117.9,1120.45,1114.85,9421193,10620970058.85,1151.85,814.3,1127.35,5225448,55.46,EQ
2023-12-15,1119.2,1127.85,1108.6,1120.35,1120.45,12048410,13465133552.55,1151.85,814.3,1117.59,7876841,65.38,EQ
2023-12-18,1119.7,1120.0,1107.2,1111.35,1120.35,7922468,8825909720.2,1151.85,814.3,1114.04,5459108,68.91,EQ
2023-12-19,1123.8,1126.85,1114.2,1120.25,1111.35,6824641,7645647743.95,1151.85,814.3,1120.3,3783235,55.43,EQ
2023-12-20,1122.0,1123.85,1102.7,1110.25,1120.25,9848057,10952482841.95,1151.85,814.3,1112.15,5245636,53.27,EQ
2023-12-21,1103.9,1103.9,1077.2,1095.4,1110.25,10914682,11864290405.9,1151.85,814.3,1087.0,5562526,50.96,EQ
2023-12-22,1095.4,1106.3,1085.8,1088.3,1095.4,10600025,11620111915.2,1151.85,814.3,1096.23,5295999,49.96,EQ
2023-12-26,1091.2,1100.65,1086.7,1094.25,1088.3,5687517,6230284824.95,1151.85,814.3,1095.43,3124230,54.93,EQ
2023-12-27,1096.05,1110.55,1089.65,1106.35,1094.25,6132936,6738856890.5,1151.85,814.3,1098.8,4113597,67.07,EQ
2023-12-28,1107.25,1113.0,1098.0,1107.85,1106.35,14097667,15604186879.5,1151.85,814.3,1106.86,9422985,66.84,EQ
2023-12-29,1101.45,1106.85,1093.95,1102.3,1107.85,8786731,9671968618.4,1151.85,814.3,1100.75,6443841,73.34,EQ
2024-01-01,1095.0,1104.0,1093.0,1097.7,1102.3,4083732,4491102999.5,1151.85,814.3,1099.75,2258877,55.31,EQ
2024-01-02,1095.1,1099.35,1082.3,1093.25,1097.7,7895577,8617345938.55,1151.85,814.3,1091.41,4495327,56.93,EQ
2024-01-03,1091.0,1102.6,1081.3,1098.6,1093.25,10225290,11184474919.7,1151.85,814.3,1093.81,5891206,57.61,EQ
2024-01-04,1103.0,1130.0,1100.05,1123.4,1098.6,11411683,12782778096.05,1151.85,814.3,1120.15,7854267,68.83,EQ
2024-01-05,1124.0,1139.9,1119.0,1136.95,1123.4,8025466,9078562317.5,1151.85,814.3,1131.22,5273965,65.72,EQ
